target,dtype,status,family,m,n,k,runs,runtime_ms_min,runtime_ms_avg,runtime_ms_max,tflops_min,tflops_avg,tflops_max,err_max,mcblas_tflops,vs_mcblas_ratio
cute_tn_conservative_1664x1024x16384_bf16,bf16,ok,cute_tk_tn_example_conservative_bf16_128x128x128_stage4,1664,1024,16384,3,0.368299,0.36901,0.369664,151.041421,151.30954933333334,151.601348,0.0,222.737,0.679319328774893
cute_tn_example_1664x1024x16384_bf16,bf16,ok,cute_tk_tn_example_bf16_128x128x128_stage4,1664,1024,16384,3,0.368555,0.36903833333333336,0.369493,151.111187,151.297706,151.496048,0.0,222.737,0.6792661569474313
cute_tn_conservative_2048cube_bf16,bf16,ok,cute_tk_tn_example_conservative_bf16_128x128x128_stage4,2048,2048,2048,3,0.172885,0.17334033333333335,0.173653,98.931986,99.11092366666666,99.37147,0.0,166.358,0.5957689060139378
cute_tn_example_2048cube_bf16,bf16,ok,cute_tk_tn_example_bf16_128x128x128_stage4,2048,2048,2048,3,0.168363,0.17180433333333334,0.173909,98.786354,100.01724666666667,102.040847,0.0,166.358,0.6012169337613259
cute_tn_conservative_4096cube_bf16,bf16,ok,cute_tk_tn_example_conservative_bf16_128x128x128_stage4,4096,4096,4096,3,0.922624,0.9244446666666667,0.925867,148.443571,148.672264,148.96529,0.0,197.794,0.7516520420235194
cute_tn_example_4096cube_bf16,bf16,ok,cute_tk_tn_example_bf16_128x128x128_stage4,4096,4096,4096,3,0.919296,0.9214293333333333,0.925525,148.498317,149.15990166666666,149.504569,0.0,197.794,0.7541174235147003
