target,dtype,status,family,m,n,k,runs,runtime_ms_min,runtime_ms_avg,runtime_ms_max,tflops_min,tflops_avg,tflops_max,err_max,mcblas_tflops,vs_mcblas_ratio
cute_shape_aware_best_8192cube_bf16,bf16,ok,cute_tk_layoutc_128x128x128_stage4,8192,8192,8192,1,6.896384,6.896384,6.896384,159.433062,159.433062,159.433062,0.0,227.914,0.6995316742279983
cute_tn_example_8192cube_bf16,bf16,ok,cute_tk_tn_example_bf16_128x128x128_stage4,8192,8192,8192,1,6.899285,6.899285,6.899285,159.366018,159.366018,159.366018,0.0,227.914,0.6992375106399783
cute_layoutc_8192cube_bf16,bf16,ok,cute_tk_layoutc_128x128x128_stage4,8192,8192,8192,1,6.895445,6.895445,6.895445,159.45477,159.45477,159.45477,0.0,227.914,0.6996269206806076
