target,dtype,status,family,m,n,k,runs,runtime_ms_min,runtime_ms_avg,runtime_ms_max,tflops_min,tflops_avg,tflops_max,err_max,mcblas_tflops,vs_mcblas_ratio
cute_shape_aware_best_1664x1024x16384_bf16,bf16,ok,cute_tk_layoutc_128x128x128_stage4,1664,1024,16384,1,0.366933,0.366933,0.366933,152.165446,152.165446,152.165446,0.0,222.475,0.6839664951118103
cute_shape_aware_best_2048cube_bf16,bf16,ok,cute_tk_layoutc_128x128x128_stage4,2048,2048,2048,1,0.174421,0.174421,0.174421,98.496377,98.496377,98.496377,0.0,165.599,0.5947884769835566
cute_shape_aware_best_4096cube_bf16,bf16,ok,cute_tk_tn_example_bf16_128x128x128_stage4,4096,4096,4096,1,0.921856,0.921856,0.921856,149.089397,149.089397,149.089397,0.0,197.579,0.7545811903086865
cute_shape_aware_best_4608x128x3584_bf16,bf16,ok,cute_tk_continuousc_reusea_n_params,4608,128,3584,1,0.093013,0.093013,0.093013,45.454325,45.454325,45.454325,0.0,61.091511,0.7440366796624166
cute_shape_aware_best_3584x128x3584_bf16,bf16,ok,cute_tk_continuousc_reusea_n_params,3584,128,3584,1,0.078848,0.078848,0.078848,41.704728,41.704728,41.704728,0.0,55.36662,0.7532467757648924
cute_shape_aware_best_4608x256x3584_bf16,bf16,ok,cute_tk_tn_example_bf16_128x128x128_stage4,4608,256,3584,1,0.110677,0.110677,0.110677,76.399716,76.399716,76.399716,0.0,101.112685,0.7555898253517845
cute_shape_aware_best_37888x256x3584_bf16,bf16,ok,cute_tk_tn_example_bf16_128x128x128_stage4,37888,256,3584,1,0.514304,0.514304,0.514304,135.182271,135.182271,135.182271,0.0,147.839517,0.9143852316562965
cute_shape_aware_best_3584x128x18944_bf16,bf16,ok,cute_tk_continuousc_reusea_n_params,3584,128,18944,1,0.269141,0.269141,0.269141,64.580179,64.580179,64.580179,0.005348,106.921729,0.6039948998580074
cute_shape_aware_best_37888x128x3584_bf16,bf16,ok,cute_tk_tn_example_bf16_128x128x128_stage4,37888,128,3584,1,0.278869,0.278869,0.278869,124.654767,124.654767,124.654767,0.0,76.573642,1.6279069891960996
